FIPS State county code,CBSA (Blanks are Rural),Rural area,Urban area
1001,33860,1,0
1003,19300,1,0
1005,,0,1
1007,13820,1,0
1009,13820,1,0
1011,,0,1
1013,,0,1
1015,11500,1,0
1017,,0,1
1019,,0,1
1021,13820,1,0
1023,,0,1
1025,,0,1
1027,,0,1
1029,,0,1
1031,,0,1
1033,22520,1,0
1035,,0,1
1037,,0,1
1039,,0,1
1041,,0,1
1043,,0,1
1045,,0,1
1047,,0,1
1049,,0,1
1051,33860,1,0
1053,,0,1
1055,23460,1,0
1057,,0,1
1059,,0,1
1061,20020,1,0
1063,,0,1
1065,46220,1,0
1067,20020,1,0
1069,20020,1,0
1071,,0,1
1073,13820,1,0
1075,,0,1
1077,22520,1,0
1079,19460,1,0
1081,12220,1,0
1083,26620,1,0
1085,33860,1,0
1087,,0,1
1089,26620,1,0
1091,,0,1
1093,,0,1
1095,,0,1
1097,33660,1,0
1099,,0,1
1101,33860,1,0
1103,19460,1,0
1105,,0,1
1107,46220,1,0
1109,,0,1
1111,,0,1
1113,17980,1,0
1115,13820,1,0
1117,13820,1,0
1119,,0,1
1121,,0,1
1123,,0,1
1125,46220,1,0
1127,13820,1,0
1129,,0,1
1131,,0,1
1133,,0,1
1990,,0,1
2013,,0,1
2016,,0,1
2020,11260,1,0
2050,,0,1
2060,,0,1
2068,,0,1
2070,,0,1
2090,21820,1,0
2100,,0,1
2105,,0,1
2110,,0,1
2122,,0,1
2130,,0,1
2150,,0,1
2164,,0,1
2170,11260,1,0
2180,,0,1
2185,,0,1
2188,,0,1
2195,,0,1
2198,,0,1
2220,,0,1
2230,,0,1
2240,,0,1
2261,,0,1
2270,,0,1
2275,,0,1
2282,,0,1
2290,,0,1
2990,,0,1
4001,,0,1
4003,43420,1,0
4005,22380,1,0
4007,,0,1
4009,,0,1
4011,,0,1
4012,,0,1
4013,38060,1,0
4015,29420,1,0
4017,,0,1
4019,46060,1,0
4021,38060,1,0
4023,,0,1
4025,39140,1,0
4027,49740,1,0
4990,,0,1
5001,,0,1
5003,,0,1
5005,,0,1
5007,22220,1,0
5009,,0,1
5011,,0,1
5013,,0,1
5015,,0,1
5017,,0,1
5019,,0,1
5021,,0,1
5023,,0,1
5025,38220,1,0
5027,,0,1
5029,,0,1
5031,27860,1,0
5033,22900,1,0
5035,32820,1,0
5037,,0,1
5039,,0,1
5041,,0,1
5043,,0,1
5045,30780,1,0
5047,,0,1
5049,,0,1
5051,26300,1,0
5053,30780,1,0
5055,,0,1
5057,,0,1
5059,,0,1
5061,,0,1
5063,,0,1
5065,,0,1
5067,,0,1
5069,38220,1,0
5071,,0,1
5073,,0,1
5075,,0,1
5077,,0,1
5079,38220,1,0
5081,45500,1,0
5083,,0,1
5085,30780,1,0
5087,22220,1,0
5089,,0,1
5091,45500,1,0
5093,,0,1
5095,,0,1
5097,,0,1
5099,,0,1
5101,,0,1
5103,,0,1
5105,30780,1,0
5107,,0,1
5109,,0,1
5111,27860,1,0
5113,,0,1
5115,,0,1
5117,,0,1
5119,30780,1,0
5121,,0,1
5123,,0,1
5125,30780,1,0
5127,,0,1
5129,,0,1
5131,22900,1,0
5133,,0,1
5135,,0,1
5137,,0,1
5139,,0,1
5141,,0,1
5143,22220,1,0
5145,,0,1
5147,,0,1
5149,,0,1
5990,,0,1
6001,36084,1,0
6003,,0,1
6005,,0,1
6007,17020,1,0
6009,,0,1
6011,,0,1
6013,36084,1,0
6015,,0,1
6017,40900,1,0
6019,23420,1,0
6021,,0,1
6023,,0,1
6025,20940,1,0
6027,,0,1
6029,12540,1,0
6031,25260,1,0
6033,,0,1
6035,,0,1
6037,31084,1,0
6037,31084,1,0
6039,31460,1,0
6041,42034,1,0
6043,,0,1
6045,,0,1
6047,32900,1,0
6049,,0,1
6051,,0,1
6053,41500,1,0
6055,34900,1,0
6057,,0,1
6059,11244,1,0
6061,40900,1,0
6063,,0,1
6065,40140,1,0
6067,40900,1,0
6069,41940,1,0
6071,40140,1,0
6073,41740,1,0
6075,41884,1,0
6077,44700,1,0
6079,42020,1,0
6081,41884,1,0
6083,42200,1,0
6085,41940,1,0
6087,42100,1,0
6089,39820,1,0
6091,,0,1
6093,,0,1
6095,46700,1,0
6097,42220,1,0
6099,33700,1,0
6101,49700,1,0
6103,,0,1
6105,,0,1
6107,47300,1,0
6109,,0,1
6111,37100,1,0
6113,40900,1,0
6115,49700,1,0
6990,,0,1
8001,19740,1,0
8003,,0,1
8005,19740,1,0
8007,,0,1
8009,,0,1
8011,,0,1
8013,14500,1,0
8015,,0,1
8017,,0,1
8019,19740,1,0
8021,,0,1
8023,,0,1
8025,,0,1
8027,,0,1
8029,,0,1
8031,19740,1,0
8033,,0,1
8035,19740,1,0
8037,,0,1
8039,19740,1,0
8041,17820,1,0
8043,,0,1
8045,,0,1
8047,19740,1,0
8049,,0,1
8051,,0,1
8053,,0,1
8055,,0,1
8057,,0,1
8059,19740,1,0
8061,,0,1
8063,,0,1
8065,,0,1
8067,,0,1
8069,22660,1,0
8071,,0,1
8073,,0,1
8075,,0,1
8077,24300,1,0
8079,,0,1
8081,,0,1
8083,,0,1
8085,,0,1
8087,,0,1
8089,,0,1
8091,,0,1
8093,19740,1,0
8095,,0,1
8097,,0,1
8099,,0,1
8101,39380,1,0
8103,,0,1
8105,,0,1
8107,,0,1
8109,,0,1
8111,,0,1
8113,,0,1
8115,,0,1
8117,,0,1
8119,17820,1,0
8121,,0,1
8123,24540,1,0
8125,,0,1
8014,19740,1,0
8990,,0,1
9001,14860,1,0
9003,25540,1,0
9005,,0,1
9007,25540,1,0
9009,35300,1,0
9011,35980,1,0
9013,25540,1,0
9015,49340,1,0
9990,,0,1
10001,20100,1,0
10003,48864,1,0
10005,41540,1,0
10990,,0,1
11001,47894,1,0
12001,23540,1,0
12003,27260,1,0
12005,37460,1,0
12007,,0,1
12009,37340,1,0
12011,22744,1,0
12013,,0,1
12015,39460,1,0
12017,26140,1,0
12019,27260,1,0
12021,34940,1,0
12023,,0,1
12086,33124,1,0
12027,,0,1
12029,,0,1
12031,27260,1,0
12033,37860,1,0
12035,19660,1,0
12037,,0,1
12039,45220,1,0
12041,23540,1,0
12043,,0,1
12045,37460,1,0
12047,,0,1
12049,,0,1
12051,,0,1
12053,45300,1,0
12055,42700,1,0
12057,45300,1,0
12059,,0,1
12061,42680,1,0
12063,,0,1
12065,45220,1,0
12067,,0,1
12069,36740,1,0
12071,15980,1,0
12073,45220,1,0
12075,,0,1
12077,,0,1
12079,,0,1
12081,35840,1,0
12083,36100,1,0
12085,38940,1,0
12087,,0,1
12089,27260,1,0
12091,18880,1,0
12093,,0,1
12095,36740,1,0
12097,36740,1,0
12099,48424,1,0
12101,45300,1,0
12103,45300,1,0
12105,29460,1,0
12107,,0,1
12109,27260,1,0
12111,38940,1,0
12113,37860,1,0
12115,35840,1,0
12117,36740,1,0
12119,45540,1,0
12121,,0,1
12123,,0,1
12125,,0,1
12127,19660,1,0
12129,45220,1,0
12131,18880,1,0
12133,,0,1
12990,,0,1
13001,,0,1
13003,,0,1
13005,,0,1
13007,10500,1,0
13009,,0,1
13011,,0,1
13013,12060,1,0
13015,12060,1,0
13017,,0,1
13019,,0,1
13021,31420,1,0
13023,,0,1
13025,15260,1,0
13027,46660,1,0
13029,42340,1,0
13031,,0,1
13033,12260,1,0
13035,12060,1,0
13037,,0,1
13039,,0,1
13043,,0,1
13045,12060,1,0
13047,16860,1,0
13049,,0,1
13051,42340,1,0
13053,17980,1,0
13055,,0,1
13057,12060,1,0
13059,12020,1,0
13061,,0,1
13063,12060,1,0
13065,,0,1
13067,12060,1,0
13069,,0,1
13071,,0,1
13073,12260,1,0
13075,,0,1
13077,12060,1,0
13079,31420,1,0
13081,,0,1
13083,16860,1,0
13085,12060,1,0
13087,,0,1
13089,12060,1,0
13091,,0,1
13093,,0,1
13095,10500,1,0
13097,12060,1,0
13099,,0,1
13101,46660,1,0
13103,42340,1,0
13105,,0,1
13107,,0,1
13109,,0,1
13111,,0,1
13113,12060,1,0
13115,40660,1,0
13117,12060,1,0
13119,,0,1
13121,12060,1,0
13123,,0,1
13125,,0,1
13127,15260,1,0
13129,,0,1
13131,,0,1
13133,,0,1
13135,12060,1,0
13137,,0,1
13139,23580,1,0
13141,,0,1
13143,12060,1,0
13145,17980,1,0
13147,,0,1
13149,12060,1,0
13151,12060,1,0
13153,47580,1,0
13155,,0,1
13157,,0,1
13159,12060,1,0
13161,,0,1
13163,,0,1
13165,,0,1
13167,,0,1
13169,31420,1,0
13171,12060,1,0
13173,46660,1,0
13175,,0,1
13177,10500,1,0
13179,25980,1,0
13181,12260,1,0
13183,25980,1,0
13185,46660,1,0
13187,,0,1
13189,12260,1,0
13191,15260,1,0
13193,,0,1
13195,12020,1,0
13197,17980,1,0
13199,12060,1,0
13201,,0,1
13205,,0,1
13207,31420,1,0
13209,,0,1
13211,12060,1,0
13213,19140,1,0
13215,17980,1,0
13217,12060,1,0
13219,12020,1,0
13221,12020,1,0
13223,12060,1,0
13225,47580,1,0
13227,12060,1,0
13229,,0,1
13231,12060,1,0
13233,,0,1
13235,47580,1,0
13237,,0,1
13239,,0,1
13241,,0,1
13243,,0,1
13245,12260,1,0
13247,12060,1,0
13249,,0,1
13251,,0,1
13253,,0,1
13255,12060,1,0
13257,,0,1
13259,,0,1
13261,,0,1
13263,,0,1
13265,,0,1
13267,,0,1
13269,,0,1
13271,,0,1
13273,10500,1,0
13275,,0,1
13277,,0,1
13279,,0,1
13281,,0,1
13283,,0,1
13285,,0,1
13287,,0,1
13289,31420,1,0
13291,,0,1
13293,,0,1
13295,16860,1,0
13297,12060,1,0
13299,,0,1
13301,,0,1
13303,,0,1
13305,,0,1
13307,,0,1
13309,,0,1
13311,,0,1
13313,19140,1,0
13315,,0,1
13317,,0,1
13319,,0,1
13321,10500,1,0
13990,,0,1
15005,27980,1,0
15001,,0,1
15003,46520,1,0
15007,,0,1
15009,27980,1,0
15990,,0,1
16001,14260,1,0
16003,,0,1
16005,38540,1,0
16007,,0,1
16009,,0,1
16011,,0,1
16013,,0,1
16015,14260,1,0
16017,,0,1
16019,26820,1,0
16021,,0,1
16023,26820,1,0
16025,,0,1
16027,14260,1,0
16029,,0,1
16031,,0,1
16033,,0,1
16035,,0,1
16037,,0,1
16039,,0,1
16041,30860,1,0
16043,,0,1
16045,14260,1,0
16047,,0,1
16049,,0,1
16051,26820,1,0
16053,,0,1
16055,17660,1,0
16057,,0,1
16059,,0,1
16061,,0,1
16063,,0,1
16065,,0,1
16067,,0,1
16069,30300,1,0
16071,,0,1
16073,14260,1,0
16075,,0,1
16077,,0,1
16079,,0,1
16081,,0,1
16083,,0,1
16085,,0,1
16087,,0,1
16990,,0,1
17001,,0,1
17003,16020,1,0
17005,41180,1,0
17007,40420,1,0
17009,,0,1
17011,,0,1
17013,41180,1,0
17015,,0,1
17017,,0,1
17019,16580,1,0
17021,,0,1
17023,,0,1
17025,,0,1
17027,41180,1,0
17029,,0,1
17031,16974,1,0
17033,,0,1
17035,,0,1
17037,20994,1,0
17039,14010,1,0
17041,,0,1
17043,16974,1,0
17045,,0,1
17047,,0,1
17049,,0,1
17051,,0,1
17053,16580,1,0
17055,,0,1
17057,,0,1
17059,,0,1
17061,,0,1
17063,16974,1,0
17065,,0,1
17067,,0,1
17069,,0,1
17071,,0,1
17073,19340,1,0
17075,,0,1
17077,16060,1,0
17079,,0,1
17081,,0,1
17083,41180,1,0
17085,,0,1
17087,,0,1
17089,20994,1,0
17091,28100,1,0
17093,16974,1,0
17095,,0,1
17097,29404,1,0
17099,,0,1
17101,,0,1
17103,,0,1
17105,,0,1
17107,,0,1
17109,,0,1
17111,16974,1,0
17113,14010,1,0
17115,19500,1,0
17117,41180,1,0
17119,41180,1,0
17121,,0,1
17123,37900,1,0
17125,,0,1
17127,,0,1
17129,44100,1,0
17131,19340,1,0
17133,41180,1,0
17135,,0,1
17137,,0,1
17139,,0,1
17141,,0,1
17143,37900,1,0
17145,,0,1
17147,16580,1,0
17149,,0,1
17151,,0,1
17153,,0,1
17155,,0,1
17157,,0,1
17159,,0,1
17161,19340,1,0
17163,41180,1,0
17165,,0,1
17167,44100,1,0
17169,,0,1
17171,,0,1
17173,,0,1
17175,37900,1,0
17177,,0,1
17179,37900,1,0
17181,,0,1
17183,19180,1,0
17185,,0,1
17187,,0,1
17189,,0,1
17191,,0,1
17193,,0,1
17195,,0,1
17197,16974,1,0
17199,16060,1,0
17201,40420,1,0
17203,37900,1,0
17990,,0,1
18001,,0,1
18003,23060,1,0
18005,18020,1,0
18007,29200,1,0
18009,,0,1
18011,26900,1,0
18013,26900,1,0
18015,29200,1,0
18017,,0,1
18019,31140,1,0
18021,45460,1,0
18023,,0,1
18025,,0,1
18027,,0,1
18029,17140,1,0
18031,,0,1
18033,,0,1
18035,34620,1,0
18037,,0,1
18039,21140,1,0
18041,,0,1
18043,31140,1,0
18045,,0,1
18047,,0,1
18049,,0,1
18051,,0,1
18053,,0,1
18055,,0,1
18057,26900,1,0
18059,26900,1,0
18061,31140,1,0
18063,26900,1,0
18065,,0,1
18067,29020,1,0
18069,,0,1
18071,,0,1
18073,23844,1,0
18075,,0,1
18077,,0,1
18079,,0,1
18081,26900,1,0
18083,,0,1
18085,,0,1
18087,,0,1
18089,23844,1,0
18091,33140,1,0
18093,,0,1
18095,26900,1,0
18097,26900,1,0
18099,,0,1
18101,,0,1
18103,,0,1
18105,14020,1,0
18107,,0,1
18109,26900,1,0
18111,23844,1,0
18113,,0,1
18115,17140,1,0
18117,,0,1
18119,14020,1,0
18121,,0,1
18123,,0,1
18125,,0,1
18127,23844,1,0
18129,21780,1,0
18131,,0,1
18133,26900,1,0
18135,,0,1
18137,,0,1
18139,,0,1
18141,43780,1,0
18143,31140,1,0
18145,26900,1,0
18147,,0,1
18149,,0,1
18151,,0,1
18153,45460,1,0
18155,,0,1
18157,29200,1,0
18159,,0,1
18161,17140,1,0
18163,21780,1,0
18165,45460,1,0
18167,45460,1,0
18169,,0,1
18171,,0,1
18173,21780,1,0
18175,31140,1,0
18177,,0,1
18179,23060,1,0
18181,,0,1
18183,23060,1,0
18990,,0,1
19001,,0,1
19003,,0,1
19005,,0,1
19007,,0,1
19009,,0,1
19011,16300,1,0
19013,47940,1,0
19015,,0,1
19017,47940,1,0
19019,,0,1
19021,,0,1
19023,,0,1
19025,,0,1
19027,,0,1
19029,,0,1
19031,,0,1
19033,,0,1
19035,,0,1
19037,,0,1
19039,,0,1
19041,,0,1
19043,,0,1
19045,,0,1
19047,,0,1
19049,19780,1,0
19051,,0,1
19053,,0,1
19055,,0,1
19057,,0,1
19059,,0,1
19061,20220,1,0
19063,,0,1
19065,,0,1
19067,,0,1
19069,,0,1
19071,,0,1
19073,,0,1
19075,47940,1,0
19077,19780,1,0
19079,,0,1
19081,,0,1
19083,,0,1
19085,36540,1,0
19087,,0,1
19089,,0,1
19091,,0,1
19093,,0,1
19095,,0,1
19097,,0,1
19099,,0,1
19101,,0,1
19103,26980,1,0
19105,16300,1,0
19107,,0,1
19109,,0,1
19111,,0,1
19113,16300,1,0
19115,,0,1
19117,,0,1
19119,,0,1
19121,19780,1,0
19123,,0,1
19125,,0,1
19127,,0,1
19129,36540,1,0
19131,,0,1
19133,,0,1
19135,,0,1
19137,,0,1
19139,,0,1
19141,,0,1
19143,,0,1
19145,,0,1
19147,,0,1
19149,43580,1,0
19151,,0,1
19153,19780,1,0
19155,36540,1,0
19157,,0,1
19159,,0,1
19161,,0,1
19163,19340,1,0
19165,,0,1
19167,,0,1
19169,11180,1,0
19171,,0,1
19173,,0,1
19175,,0,1
19177,,0,1
19179,,0,1
19181,19780,1,0
19183,26980,1,0
19185,,0,1
19187,,0,1
19189,,0,1
19191,,0,1
19193,43580,1,0
19195,,0,1
19197,,0,1
19990,,0,1
20001,,0,1
20003,,0,1
20005,,0,1
20007,,0,1
20009,,0,1
20011,,0,1
20013,,0,1
20015,48620,1,0
20017,,0,1
20019,,0,1
20021,,0,1
20023,,0,1
20025,,0,1
20027,,0,1
20029,,0,1
20031,,0,1
20033,,0,1
20035,,0,1
20037,,0,1
20039,,0,1
20041,,0,1
20043,41140,1,0
20045,29940,1,0
20047,,0,1
20049,,0,1
20051,,0,1
20053,,0,1
20055,,0,1
20057,,0,1
20059,,0,1
20061,,0,1
20063,,0,1
20065,,0,1
20067,,0,1
20069,,0,1
20071,,0,1
20073,,0,1
20075,,0,1
20077,,0,1
20079,48620,1,0
20081,,0,1
20083,,0,1
20085,45820,1,0
20087,45820,1,0
20089,,0,1
20091,28140,1,0
20093,,0,1
20095,48620,1,0
20097,,0,1
20099,,0,1
20101,,0,1
20103,28140,1,0
20105,,0,1
20107,28140,1,0
20109,,0,1
20111,,0,1
20113,,0,1
20115,,0,1
20117,,0,1
20119,,0,1
20121,28140,1,0
20123,,0,1
20125,,0,1
20127,,0,1
20129,,0,1
20131,,0,1
20133,,0,1
20135,,0,1
20137,,0,1
20139,45820,1,0
20141,,0,1
20143,,0,1
20145,,0,1
20147,,0,1
20149,31740,1,0
20151,,0,1
20153,,0,1
20155,,0,1
20157,,0,1
20159,,0,1
20161,31740,1,0
20163,,0,1
20165,,0,1
20167,,0,1
20169,,0,1
20171,,0,1
20173,48620,1,0
20175,,0,1
20177,45820,1,0
20179,,0,1
20181,,0,1
20183,,0,1
20185,,0,1
20187,,0,1
20189,,0,1
20191,48620,1,0
20193,,0,1
20195,,0,1
20197,45820,1,0
20199,,0,1
20201,,0,1
20203,,0,1
20205,,0,1
20207,,0,1
20209,28140,1,0
20990,,0,1
21001,,0,1
21003,14540,1,0
21005,,0,1
21007,,0,1
21009,,0,1
21011,,0,1
21013,,0,1
21015,17140,1,0
21017,30460,1,0
21019,26580,1,0
21021,,0,1
21023,17140,1,0
21025,,0,1
21027,,0,1
21029,31140,1,0
21031,14540,1,0
21033,,0,1
21035,,0,1
21037,17140,1,0
21039,,0,1
21041,,0,1
21043,,0,1
21045,,0,1
21047,17300,1,0
21049,30460,1,0
21051,,0,1
21053,,0,1
21055,,0,1
21057,,0,1
21059,36980,1,0
21061,14540,1,0
21063,,0,1
21065,,0,1
21067,30460,1,0
21069,,0,1
21071,,0,1
21073,,0,1
21075,,0,1
21077,17140,1,0
21079,,0,1
21081,17140,1,0
21083,,0,1
21085,,0,1
21087,,0,1
21089,26580,1,0
21091,36980,1,0
21093,21060,1,0
21095,,0,1
21097,,0,1
21099,,0,1
21101,21780,1,0
21103,31140,1,0
21105,,0,1
21107,,0,1
21109,,0,1
21111,31140,1,0
21113,30460,1,0
21115,,0,1
21117,17140,1,0
21119,,0,1
21121,,0,1
21123,21060,1,0
21125,,0,1
21127,,0,1
21129,,0,1
21131,,0,1
21133,,0,1
21135,,0,1
21137,,0,1
21139,,0,1
21141,,0,1
21143,,0,1
21145,,0,1
21147,,0,1
21149,36980,1,0
21151,,0,1
21153,,0,1
21155,,0,1
21157,,0,1
21159,,0,1
21161,,0,1
21163,21060,1,0
21165,,0,1
21167,,0,1
21169,,0,1
21171,,0,1
21173,,0,1
21175,,0,1
21177,,0,1
21179,,0,1
21181,,0,1
21183,,0,1
21185,31140,1,0
21187,,0,1
21189,,0,1
21191,17140,1,0
21193,,0,1
21195,,0,1
21197,,0,1
21199,,0,1
21201,,0,1
21203,,0,1
21205,,0,1
21207,,0,1
21209,30460,1,0
21211,31140,1,0
21213,,0,1
21215,31140,1,0
21217,,0,1
21219,,0,1
21221,17300,1,0
21223,31140,1,0
21225,,0,1
21227,14540,1,0
21229,,0,1
21231,,0,1
21233,,0,1
21235,,0,1
21237,,0,1
21239,30460,1,0
21990,,0,1
22001,29180,1,0
22003,,0,1
22005,12940,1,0
22007,,0,1
22009,,0,1
22011,,0,1
22013,,0,1
22015,43340,1,0
22017,43340,1,0
22019,29340,1,0
22021,,0,1
22023,29340,1,0
22025,,0,1
22027,,0,1
22029,,0,1
22031,43340,1,0
22033,12940,1,0
22035,,0,1
22037,12940,1,0
22039,,0,1
22041,,0,1
22043,10780,1,0
22045,29180,1,0
22047,12940,1,0
22049,,0,1
22051,35380,1,0
22053,,0,1
22055,29180,1,0
22057,26380,1,0
22059,,0,1
22061,,0,1
22063,12940,1,0
22065,,0,1
22067,,0,1
22069,,0,1
22071,35380,1,0
22073,33740,1,0
22075,35380,1,0
22077,12940,1,0
22079,10780,1,0
22081,,0,1
22083,,0,1
22085,,0,1
22087,35380,1,0
22089,35380,1,0
22091,12940,1,0
22093,35380,1,0
22095,35380,1,0
22097,,0,1
22099,29180,1,0
22101,,0,1
22103,35380,1,0
22105,25220,1,0
22107,,0,1
22109,26380,1,0
22111,33740,1,0
22113,29180,1,0
22115,,0,1
22117,,0,1
22119,43340,1,0
22121,12940,1,0
22123,,0,1
22125,12940,1,0
22127,,0,1
22990,,0,1
23001,30340,1,0
23003,,0,1
23005,38860,1,0
23007,,0,1
23009,,0,1
23011,,0,1
23013,,0,1
23015,,0,1
23017,,0,1
23019,12620,1,0
23021,,0,1
23023,38860,1,0
23025,,0,1
23027,,0,1
23029,,0,1
23031,38860,1,0
23990,,0,1
24001,19060,1,0
24003,12580,1,0
24005,12580,1,0
24510,12580,1,0
24009,47894,1,0
24011,,0,1
24013,12580,1,0
24015,48864,1,0
24017,47894,1,0
24019,,0,1
24021,43524,1,0
24023,,0,1
24025,12580,1,0
24027,12580,1,0
24029,,0,1
24031,43524,1,0
24033,47894,1,0
24035,12580,1,0
24037,15680,1,0
24039,41540,1,0
24041,,0,1
24043,25180,1,0
24045,41540,1,0
24047,41540,1,0
24990,,0,1
25001,12700,1,0
25003,38340,1,0
25005,39300,1,0
25007,,0,1
25009,15764,1,0
25011,,0,1
25013,44140,1,0
25015,44140,1,0
25017,15764,1,0
25019,,0,1
25021,14454,1,0
25023,14454,1,0
25025,14454,1,0
25027,49340,1,0
25990,,0,1
26001,,0,1
26003,,0,1
26005,,0,1
26007,,0,1
26009,,0,1
26011,,0,1
26013,,0,1
26015,24340,1,0
26017,13020,1,0
26019,,0,1
26021,35660,1,0
26023,,0,1
26025,12980,1,0
26027,43780,1,0
26029,,0,1
26031,,0,1
26033,,0,1
26035,,0,1
26037,29620,1,0
26039,,0,1
26041,,0,1
26043,,0,1
26045,29620,1,0
26047,,0,1
26049,22420,1,0
26051,,0,1
26053,,0,1
26055,,0,1
26057,,0,1
26059,,0,1
26061,,0,1
26063,,0,1
26065,29620,1,0
26067,,0,1
26069,,0,1
26071,,0,1
26073,,0,1
26075,27100,1,0
26077,28020,1,0
26079,,0,1
26081,24340,1,0
26083,,0,1
26085,,0,1
26087,47664,1,0
26089,,0,1
26091,,0,1
26093,47664,1,0
26095,,0,1
26097,,0,1
26099,47664,1,0
26101,,0,1
26103,,0,1
26105,,0,1
26107,,0,1
26109,,0,1
26111,33220,1,0
26113,,0,1
26115,33780,1,0
26117,24340,1,0
26119,,0,1
26121,34740,1,0
26123,,0,1
26125,47664,1,0
26127,,0,1
26129,,0,1
26131,,0,1
26133,,0,1
26135,,0,1
26137,,0,1
26139,24340,1,0
26141,,0,1
26143,,0,1
26145,40980,1,0
26147,47664,1,0
26149,,0,1
26151,,0,1
26153,,0,1
26155,,0,1
26157,,0,1
26159,28020,1,0
26161,11460,1,0
26163,19804,1,0
26165,,0,1
26990,,0,1
27001,,0,1
27003,33460,1,0
27005,,0,1
27007,,0,1
27009,41060,1,0
27011,,0,1
27013,31860,1,0
27015,,0,1
27017,20260,1,0
27019,33460,1,0
27021,,0,1
27023,,0,1
27025,33460,1,0
27027,22020,1,0
27029,,0,1
27031,,0,1
27033,,0,1
27035,,0,1
27037,33460,1,0
27039,40340,1,0
27041,,0,1
27043,,0,1
27045,40340,1,0
27047,,0,1
27049,,0,1
27051,,0,1
27053,33460,1,0
27055,29100,1,0
27057,,0,1
27059,33460,1,0
27061,,0,1
27063,,0,1
27065,,0,1
27067,,0,1
27069,,0,1
27071,,0,1
27073,,0,1
27075,,0,1
27077,,0,1
27079,33460,1,0
27081,,0,1
27083,,0,1
27085,,0,1
27087,,0,1
27089,,0,1
27091,,0,1
27093,,0,1
27095,33460,1,0
27097,,0,1
27099,,0,1
27101,,0,1
27103,31860,1,0
27105,,0,1
27107,,0,1
27109,40340,1,0
27111,,0,1
27113,,0,1
27115,,0,1
27117,,0,1
27119,24220,1,0
27121,,0,1
27123,33460,1,0
27125,,0,1
27127,,0,1
27129,,0,1
27131,,0,1
27133,,0,1
27135,,0,1
27137,20260,1,0
27139,33460,1,0
27141,33460,1,0
27143,33460,1,0
27145,41060,1,0
27147,,0,1
27149,,0,1
27151,,0,1
27153,,0,1
27155,,0,1
27157,40340,1,0
27159,,0,1
27161,,0,1
27163,33460,1,0
27165,,0,1
27167,,0,1
27169,,0,1
27171,33460,1,0
27173,,0,1
27990,,0,1
28001,,0,1
28003,,0,1
28005,,0,1
28007,,0,1
28009,32820,1,0
28011,,0,1
28013,,0,1
28015,,0,1
28017,,0,1
28019,,0,1
28021,,0,1
28023,,0,1
28025,,0,1
28027,,0,1
28029,27140,1,0
28031,,0,1
28033,32820,1,0
28035,25620,1,0
28037,,0,1
28039,,0,1
28041,,0,1
28043,,0,1
28045,25060,1,0
28047,25060,1,0
28049,27140,1,0
28051,,0,1
28053,,0,1
28055,,0,1
28057,,0,1
28059,25060,1,0
28061,,0,1
28063,,0,1
28065,,0,1
28067,,0,1
28069,,0,1
28071,,0,1
28073,25620,1,0
28075,,0,1
28077,,0,1
28079,,0,1
28081,,0,1
28083,,0,1
28085,,0,1
28087,,0,1
28089,27140,1,0
28091,,0,1
28093,32820,1,0
28095,,0,1
28097,,0,1
28099,,0,1
28101,,0,1
28103,,0,1
28105,,0,1
28107,,0,1
28109,,0,1
28111,25620,1,0
28113,,0,1
28115,,0,1
28117,,0,1
28119,,0,1
28121,27140,1,0
28123,,0,1
28125,,0,1
28127,27140,1,0
28129,,0,1
28131,,0,1
28133,,0,1
28135,,0,1
28137,32820,1,0
28139,,0,1
28141,,0,1
28143,32820,1,0
28145,,0,1
28147,,0,1
28149,,0,1
28151,,0,1
28153,,0,1
28155,,0,1
28157,,0,1
28159,,0,1
28161,,0,1
28163,27140,1,0
28990,,0,1
29001,,0,1
29003,41140,1,0
29005,,0,1
29007,,0,1
29009,,0,1
29011,,0,1
29013,28140,1,0
29015,,0,1
29017,16020,1,0
29019,17860,1,0
29021,41140,1,0
29023,,0,1
29025,28140,1,0
29027,27620,1,0
29029,,0,1
29031,16020,1,0
29033,,0,1
29035,,0,1
29037,28140,1,0
29039,,0,1
29041,,0,1
29043,44180,1,0
29045,,0,1
29047,28140,1,0
29049,28140,1,0
29051,27620,1,0
29053,,0,1
29055,,0,1
29057,,0,1
29059,44180,1,0
29061,,0,1
29063,41140,1,0
29065,,0,1
29067,,0,1
29069,,0,1
29071,41180,1,0
29073,,0,1
29075,,0,1
29077,44180,1,0
29079,,0,1
29081,,0,1
29083,,0,1
29085,,0,1
29087,,0,1
29089,,0,1
29091,,0,1
29093,,0,1
29095,28140,1,0
29097,27900,1,0
29099,41180,1,0
29101,,0,1
29103,,0,1
29105,,0,1
29107,28140,1,0
29109,,0,1
29111,,0,1
29113,41180,1,0
29115,,0,1
29117,,0,1
29119,22220,1,0
29121,,0,1
29123,,0,1
29125,,0,1
29127,,0,1
29129,,0,1
29131,,0,1
29133,,0,1
29135,27620,1,0
29137,,0,1
29139,,0,1
29141,,0,1
29143,,0,1
29145,27900,1,0
29147,,0,1
29149,,0,1
29151,27620,1,0
29153,,0,1
29155,,0,1
29157,,0,1
29159,,0,1
29161,,0,1
29163,,0,1
29165,28140,1,0
29167,44180,1,0
29169,,0,1
29171,,0,1
29173,,0,1
29175,,0,1
29177,28140,1,0
29179,,0,1
29181,,0,1
29183,41180,1,0
29185,,0,1
29187,,0,1
29189,41180,1,0
29510,41180,1,0
29186,,0,1
29195,,0,1
29197,,0,1
29199,,0,1
29201,,0,1
29203,,0,1
29205,,0,1
29207,,0,1
29209,,0,1
29211,,0,1
29213,,0,1
29215,,0,1
29217,,0,1
29219,41180,1,0
29221,,0,1
29223,,0,1
29225,44180,1,0
29227,,0,1
29229,,0,1
29990,,0,1
30001,,0,1
30003,,0,1
30005,,0,1
30007,,0,1
30009,13740,1,0
30011,,0,1
30013,24500,1,0
30015,,0,1
30017,,0,1
30019,,0,1
30021,,0,1
30023,,0,1
30025,,0,1
30027,,0,1
30029,,0,1
30031,,0,1
30033,,0,1
30035,,0,1
30037,13740,1,0
30039,,0,1
30041,,0,1
30043,,0,1
30045,,0,1
30047,,0,1
30049,,0,1
30051,,0,1
30053,,0,1
30055,,0,1
30057,,0,1
30059,,0,1
30061,,0,1
30063,33540,1,0
30065,,0,1
30067,,0,1
30069,,0,1
30071,,0,1
30073,,0,1
30075,,0,1
30077,,0,1
30079,,0,1
30081,,0,1
30083,,0,1
30085,,0,1
30087,,0,1
30089,,0,1
30091,,0,1
30093,,0,1
30095,,0,1
30097,,0,1
30099,,0,1
30101,,0,1
30103,,0,1
30105,,0,1
30107,,0,1
30109,,0,1
30111,13740,1,0
30990,,0,1
31001,,0,1
31003,,0,1
31005,,0,1
31007,,0,1
31009,,0,1
31011,,0,1
31013,,0,1
31015,,0,1
31017,,0,1
31019,,0,1
31021,,0,1
31023,,0,1
31025,36540,1,0
31027,,0,1
31029,,0,1
31031,,0,1
31033,,0,1
31035,,0,1
31037,,0,1
31039,,0,1
31041,,0,1
31043,43580,1,0
31045,,0,1
31047,,0,1
31049,,0,1
31051,43580,1,0
31053,,0,1
31055,36540,1,0
31057,,0,1
31059,,0,1
31061,,0,1
31063,,0,1
31065,,0,1
31067,,0,1
31069,,0,1
31071,,0,1
31073,,0,1
31075,,0,1
31077,,0,1
31079,24260,1,0
31081,24260,1,0
31083,,0,1
31085,,0,1
31087,,0,1
31089,,0,1
31091,,0,1
31093,24260,1,0
31095,,0,1
31097,,0,1
31099,,0,1
31101,,0,1
31103,,0,1
31105,,0,1
31107,,0,1
31109,30700,1,0
31111,,0,1
31113,,0,1
31115,,0,1
31117,,0,1
31119,,0,1
31121,24260,1,0
31123,,0,1
31125,,0,1
31127,,0,1
31129,,0,1
31131,,0,1
31133,,0,1
31135,,0,1
31137,,0,1
31139,,0,1
31141,,0,1
31143,,0,1
31145,,0,1
31147,,0,1
31149,,0,1
31151,,0,1
31153,36540,1,0
31155,36540,1,0
31157,,0,1
31159,30700,1,0
31161,,0,1
31163,,0,1
31165,,0,1
31167,,0,1
31169,,0,1
31171,,0,1
31173,,0,1
31175,,0,1
31177,36540,1,0
31179,,0,1
31181,,0,1
31183,,0,1
31185,,0,1
31990,,0,1
32001,,0,1
32003,29820,1,0
32005,,0,1
32007,,0,1
32009,,0,1
32011,,0,1
32013,,0,1
32015,,0,1
32017,,0,1
32019,,0,1
32021,,0,1
32023,,0,1
32510,16180,1,0
32027,,0,1
32029,39900,1,0
32031,39900,1,0
32033,,0,1
32990,,0,1
33001,,0,1
33003,,0,1
33005,,0,1
33007,,0,1
33009,,0,1
33011,31700,1,0
33013,,0,1
33015,40484,1,0
33017,40484,1,0
33019,,0,1
33990,,0,1
34001,12100,1,0
34003,35614,1,0
34005,15804,1,0
34007,15804,1,0
34009,36140,1,0
34011,47220,1,0
34013,35084,1,0
34015,15804,1,0
34017,35614,1,0
34019,35084,1,0
34021,45940,1,0
34023,35614,1,0
34025,35614,1,0
34027,35084,1,0
34029,35614,1,0
34031,35614,1,0
34033,48864,1,0
34035,35084,1,0
34037,35084,1,0
34039,35084,1,0
34041,10900,1,0
34990,,0,1
35001,10740,1,0
35003,,0,1
35005,,0,1
35006,,0,1
35007,,0,1
35009,,0,1
35011,,0,1
35013,29740,1,0
35015,,0,1
35017,,0,1
35019,,0,1
35021,,0,1
35023,,0,1
35025,,0,1
35027,,0,1
35028,,0,1
35029,,0,1
35031,,0,1
35033,,0,1
35035,,0,1
35037,,0,1
35039,,0,1
35041,,0,1
35043,10740,1,0
35045,22140,1,0
35047,,0,1
35049,42140,1,0
35051,,0,1
35053,,0,1
35055,,0,1
35057,10740,1,0
35059,,0,1
35061,10740,1,0
35990,,0,1
36001,10580,1,0
36003,,0,1
36005,35614,1,0
36007,13780,1,0
36009,,0,1
36011,,0,1
36013,,0,1
36015,21300,1,0
36017,,0,1
36019,,0,1
36021,,0,1
36023,,0,1
36025,,0,1
36027,20524,1,0
36029,15380,1,0
36031,,0,1
36033,,0,1
36035,,0,1
36037,,0,1
36039,,0,1
36041,,0,1
36043,46540,1,0
36045,48060,1,0
36047,35614,1,0
36049,,0,1
36051,40380,1,0
36053,45060,1,0
36055,40380,1,0
36057,,0,1
36059,35004,1,0
36061,35614,1,0
36063,15380,1,0
36065,46540,1,0
36067,45060,1,0
36069,40380,1,0
36071,35614,1,0
36073,40380,1,0
36075,45060,1,0
36077,,0,1
36079,20524,1,0
36081,35614,1,0
36083,10580,1,0
36085,35614,1,0
36087,35614,1,0
36089,,0,1
36091,10580,1,0
36093,10580,1,0
36095,10580,1,0
36097,,0,1
36099,,0,1
36101,,0,1
36103,35004,1,0
36105,,0,1
36107,13780,1,0
36109,27060,1,0
36111,28740,1,0
36113,24020,1,0
36115,24020,1,0
36117,40380,1,0
36119,35614,1,0
36121,,0,1
36123,40380,1,0
36990,,0,1
37001,15500,1,0
37003,25860,1,0
37005,,0,1
37007,,0,1
37009,,0,1
37011,,0,1
37013,,0,1
37015,,0,1
37017,,0,1
37019,34820,1,0
37021,11700,1,0
37023,25860,1,0
37025,16740,1,0
37027,25860,1,0
37029,,0,1
37031,,0,1
37033,,0,1
37035,25860,1,0
37037,20500,1,0
37039,,0,1
37041,,0,1
37043,,0,1
37045,,0,1
37047,,0,1
37049,35100,1,0
37051,22180,1,0
37053,47260,1,0
37055,,0,1
37057,49180,1,0
37059,49180,1,0
37061,,0,1
37063,20500,1,0
37065,40580,1,0
37067,49180,1,0
37069,39580,1,0
37071,16740,1,0
37073,47260,1,0
37075,,0,1
37077,,0,1
37079,,0,1
37081,24660,1,0
37083,,0,1
37085,,0,1
37087,11700,1,0
37089,11700,1,0
37091,,0,1
37093,22180,1,0
37095,,0,1
37097,16740,1,0
37099,,0,1
37101,39580,1,0
37103,35100,1,0
37105,,0,1
37107,,0,1
37109,16740,1,0
37111,,0,1
37113,,0,1
37115,11700,1,0
37117,,0,1
37119,16740,1,0
37121,,0,1
37123,,0,1
37125,,0,1
37127,40580,1,0
37129,48900,1,0
37131,,0,1
37133,27340,1,0
37135,20500,1,0
37137,35100,1,0
37139,,0,1
37141,48900,1,0
37143,,0,1
37145,20500,1,0
37147,24780,1,0
37149,,0,1
37151,24660,1,0
37153,,0,1
37155,,0,1
37157,24660,1,0
37159,16740,1,0
37161,,0,1
37163,,0,1
37165,,0,1
37167,16740,1,0
37169,49180,1,0
37171,,0,1
37173,,0,1
37175,,0,1
37177,,0,1
37179,16740,1,0
37181,,0,1
37183,39580,1,0
37185,,0,1
37187,,0,1
37189,,0,1
37191,24140,1,0
37193,,0,1
37195,,0,1
37197,49180,1,0
37199,,0,1
37990,,0,1
38001,,0,1
38003,,0,1
38005,,0,1
38007,,0,1
38009,,0,1
38011,,0,1
38013,,0,1
38015,13900,1,0
38017,22020,1,0
38019,,0,1
38021,,0,1
38023,,0,1
38025,,0,1
38027,,0,1
38029,,0,1
38031,,0,1
38033,,0,1
38035,24220,1,0
38037,,0,1
38039,,0,1
38041,,0,1
38043,,0,1
38045,,0,1
38047,,0,1
38049,,0,1
38051,,0,1
38053,,0,1
38055,,0,1
38057,,0,1
38059,13900,1,0
38061,,0,1
38063,,0,1
38065,13900,1,0
38067,,0,1
38069,,0,1
38071,,0,1
38073,,0,1
38075,,0,1
38077,,0,1
38079,,0,1
38081,,0,1
38083,,0,1
38085,13900,1,0
38087,,0,1
38089,,0,1
38091,,0,1
38093,,0,1
38095,,0,1
38097,,0,1
38099,,0,1
38101,,0,1
38103,,0,1
38105,,0,1
38990,,0,1
39001,,0,1
39003,30620,1,0
39005,,0,1
39007,,0,1
39009,,0,1
39011,,0,1
39013,48540,1,0
39015,17140,1,0
39017,17140,1,0
39019,15940,1,0
39021,,0,1
39023,44220,1,0
39025,17140,1,0
39027,,0,1
39029,,0,1
39031,,0,1
39033,,0,1
39035,17460,1,0
39037,,0,1
39039,,0,1
39041,18140,1,0
39043,,0,1
39045,18140,1,0
39047,,0,1
39049,18140,1,0
39051,45780,1,0
39053,,0,1
39055,17460,1,0
39057,19380,1,0
39059,,0,1
39061,17140,1,0
39063,,0,1
39065,,0,1
39067,,0,1
39069,,0,1
39071,,0,1
39073,18140,1,0
39075,,0,1
39077,,0,1
39079,,0,1
39081,48260,1,0
39083,,0,1
39085,17460,1,0
39087,26580,1,0
39089,18140,1,0
39091,,0,1
39093,17460,1,0
39095,45780,1,0
39097,18140,1,0
39099,49660,1,0
39101,,0,1
39103,17460,1,0
39105,,0,1
39107,,0,1
39109,19380,1,0
39111,,0,1
39113,19380,1,0
39115,,0,1
39117,18140,1,0
39119,,0,1
39121,,0,1
39123,,0,1
39125,,0,1
39127,18140,1,0
39129,18140,1,0
39131,,0,1
39133,10420,1,0
39135,,0,1
39137,,0,1
39139,31900,1,0
39141,,0,1
39143,,0,1
39145,,0,1
39147,,0,1
39149,,0,1
39151,15940,1,0
39153,10420,1,0
39155,49660,1,0
39157,,0,1
39159,18140,1,0
39161,,0,1
39163,,0,1
39165,17140,1,0
39167,,0,1
39169,,0,1
39171,,0,1
39173,45780,1,0
39175,,0,1
39990,,0,1
40001,,0,1
40003,,0,1
40005,,0,1
40007,,0,1
40009,,0,1
40011,,0,1
40013,,0,1
40015,,0,1
40017,36420,1,0
40019,,0,1
40021,,0,1
40023,,0,1
40025,,0,1
40027,36420,1,0
40029,,0,1
40031,30020,1,0
40033,30020,1,0
40035,,0,1
40037,46140,1,0
40039,,0,1
40041,,0,1
40043,,0,1
40045,,0,1
40047,21420,1,0
40049,,0,1
40051,36420,1,0
40053,,0,1
40055,,0,1
40057,,0,1
40059,,0,1
40061,,0,1
40063,,0,1
40065,,0,1
40067,,0,1
40069,,0,1
40071,,0,1
40073,,0,1
40075,,0,1
40077,,0,1
40079,22900,1,0
40081,36420,1,0
40083,36420,1,0
40085,,0,1
40087,36420,1,0
40089,,0,1
40091,,0,1
40093,,0,1
40095,,0,1
40097,,0,1
40099,,0,1
40101,,0,1
40103,,0,1
40105,,0,1
40107,,0,1
40109,36420,1,0
40111,46140,1,0
40113,46140,1,0
40115,,0,1
40117,46140,1,0
40119,,0,1
40121,,0,1
40123,,0,1
40125,,0,1
40127,,0,1
40129,,0,1
40131,46140,1,0
40133,,0,1
40135,22900,1,0
40137,,0,1
40139,,0,1
40141,,0,1
40143,46140,1,0
40145,46140,1,0
40147,,0,1
40149,,0,1
40151,,0,1
40153,,0,1
40990,,0,1
41001,,0,1
41003,18700,1,0
41005,38900,1,0
41007,,0,1
41009,38900,1,0
41011,,0,1
41013,,0,1
41015,,0,1
41017,13460,1,0
41019,,0,1
41021,,0,1
41023,,0,1
41025,,0,1
41027,,0,1
41029,32780,1,0
41031,,0,1
41033,24420,1,0
41035,,0,1
41037,,0,1
41039,21660,1,0
41041,,0,1
41043,10540,1,0
41045,,0,1
41047,41420,1,0
41049,,0,1
41051,38900,1,0
41053,41420,1,0
41055,,0,1
41057,,0,1
41059,,0,1
41061,,0,1
41063,,0,1
41065,,0,1
41067,38900,1,0
41069,,0,1
41071,38900,1,0
41990,,0,1
42001,23900,1,0
42003,38300,1,0
42005,38300,1,0
42007,38300,1,0
42009,,0,1
42011,39740,1,0
42013,11020,1,0
42015,,0,1
42017,33874,1,0
42019,38300,1,0
42021,27780,1,0
42023,,0,1
42025,10900,1,0
42027,44300,1,0
42029,33874,1,0
42031,,0,1
42033,,0,1
42035,,0,1
42037,14100,1,0
42039,,0,1
42041,25420,1,0
42043,25420,1,0
42045,37964,1,0
42047,,0,1
42049,21500,1,0
42051,38300,1,0
42053,,0,1
42055,16540,1,0
42057,,0,1
42059,,0,1
42061,,0,1
42063,,0,1
42065,,0,1
42067,,0,1
42069,42540,1,0
42071,29540,1,0
42073,,0,1
42075,30140,1,0
42077,10900,1,0
42079,42540,1,0
42081,48700,1,0
42083,,0,1
42085,49660,1,0
42087,,0,1
42089,20700,1,0
42091,33874,1,0
42093,14100,1,0
42095,10900,1,0
42097,,0,1
42099,25420,1,0
42101,37964,1,0
42103,35084,1,0
42105,,0,1
42107,,0,1
42109,,0,1
42111,,0,1
42113,,0,1
42115,,0,1
42117,,0,1
42119,,0,1
42121,,0,1
42123,,0,1
42125,38300,1,0
42127,,0,1
42129,38300,1,0
42131,42540,1,0
42133,49620,1,0
42990,,0,1
72001,,0,1
72003,10380,1,0
72005,10380,1,0
72007,41980,1,0
72009,41980,1,0
72011,10380,1,0
72013,11640,1,0
72015,25020,1,0
72017,41980,1,0
72019,41980,1,0
72021,41980,1,0
72023,41900,1,0
72025,41980,1,0
72027,11640,1,0
72029,41980,1,0
72031,41980,1,0
72033,41980,1,0
72035,41980,1,0
72037,41980,1,0
72039,41980,1,0
72041,41980,1,0
72043,,0,1
72045,41980,1,0
72047,41980,1,0
72049,,0,1
72051,41980,1,0
72053,41980,1,0
72054,41980,1,0
72055,38660,1,0
72057,25020,1,0
72059,38660,1,0
72061,41980,1,0
72063,41980,1,0
72065,11640,1,0
72067,32420,1,0
72069,41980,1,0
72071,10380,1,0
72073,,0,1
72075,38660,1,0
72077,41980,1,0
72079,41900,1,0
72081,10380,1,0
72083,,0,1
72085,41980,1,0
72087,41980,1,0
72089,41980,1,0
72091,41980,1,0
72093,,0,1
72095,41980,1,0
72097,32420,1,0
72099,10380,1,0
72101,41980,1,0
72103,41980,1,0
72105,41980,1,0
72107,41980,1,0
72109,25020,1,0
72111,38660,1,0
72113,38660,1,0
72115,11640,1,0
72117,10380,1,0
72119,41980,1,0
72121,41900,1,0
72123,,0,1
72125,41900,1,0
72127,41980,1,0
72129,41980,1,0
72131,10380,1,0
72133,,0,1
72135,41980,1,0
72137,41980,1,0
72139,41980,1,0
72141,10380,1,0
72143,41980,1,0
72145,41980,1,0
72147,,0,1
72149,38660,1,0
72151,41980,1,0
72153,38660,1,0
72990,,0,1
44001,39300,1,0
44003,39300,1,0
44005,39300,1,0
44007,39300,1,0
44009,39300,1,0
44999,,0,1
45001,,0,1
45003,12260,1,0
45005,,0,1
45007,24860,1,0
45009,,0,1
45011,,0,1
45013,25940,1,0
45015,16700,1,0
45017,17900,1,0
45019,16700,1,0
45021,,0,1
45023,16740,1,0
45025,,0,1
45027,,0,1
45029,,0,1
45031,22500,1,0
45033,,0,1
45035,16700,1,0
45037,12260,1,0
45039,17900,1,0
45041,22500,1,0
45043,,0,1
45045,24860,1,0
45047,,0,1
45049,,0,1
45051,34820,1,0
45053,25940,1,0
45055,17900,1,0
45057,16740,1,0
45059,24860,1,0
45061,,0,1
45063,17900,1,0
45065,,0,1
45067,,0,1
45069,,0,1
45071,,0,1
45073,,0,1
45075,,0,1
45077,24860,1,0
45079,17900,1,0
45081,17900,1,0
45083,43900,1,0
45085,44940,1,0
45087,43900,1,0
45089,,0,1
45091,16740,1,0
45990,,0,1
46003,,0,1
46005,,0,1
46007,,0,1
46009,,0,1
46011,,0,1
46013,,0,1
46015,,0,1
46017,,0,1
46019,,0,1
46021,,0,1
46023,,0,1
46025,,0,1
46027,,0,1
46029,,0,1
46031,,0,1
46033,39660,1,0
46035,,0,1
46037,,0,1
46039,,0,1
46041,,0,1
46043,,0,1
46045,,0,1
46047,,0,1
46049,,0,1
46051,,0,1
46053,,0,1
46055,,0,1
46057,,0,1
46059,,0,1
46061,,0,1
46063,,0,1
46065,,0,1
46067,,0,1
46069,,0,1
46071,,0,1
46073,,0,1
46075,,0,1
46077,,0,1
46079,,0,1
46081,,0,1
46083,43620,1,0
46085,,0,1
46087,43620,1,0
46089,,0,1
46091,,0,1
46093,39660,1,0
46095,,0,1
46097,,0,1
46099,43620,1,0
46101,,0,1
46103,39660,1,0
46105,,0,1
46107,,0,1
46109,,0,1
46111,,0,1
46113,,0,1
46115,,0,1
46117,,0,1
46119,,0,1
46121,,0,1
46123,,0,1
46125,43620,1,0
46127,43580,1,0
46129,,0,1
46135,,0,1
46137,,0,1
46990,,0,1
47001,28940,1,0
47003,,0,1
47005,,0,1
47007,,0,1
47009,28940,1,0
47011,17420,1,0
47013,28940,1,0
47015,34980,1,0
47017,,0,1
47019,27740,1,0
47021,34980,1,0
47023,27180,1,0
47025,,0,1
47027,,0,1
47029,,0,1
47031,,0,1
47033,27180,1,0
47035,,0,1
47037,34980,1,0
47039,,0,1
47041,,0,1
47043,34980,1,0
47045,,0,1
47047,32820,1,0
47049,,0,1
47051,,0,1
47053,,0,1
47055,,0,1
47057,28940,1,0
47059,,0,1
47061,,0,1
47063,34100,1,0
47065,16860,1,0
47067,,0,1
47069,,0,1
47071,,0,1
47073,28700,1,0
47075,,0,1
47077,,0,1
47079,,0,1
47081,34980,1,0
47083,,0,1
47085,,0,1
47087,,0,1
47089,34100,1,0
47091,,0,1
47093,28940,1,0
47095,,0,1
47097,,0,1
47099,,0,1
47101,,0,1
47103,,0,1
47105,28940,1,0
47107,,0,1
47109,,0,1
47111,34980,1,0
47113,27180,1,0
47115,16860,1,0
47117,,0,1
47119,34980,1,0
47121,,0,1
47123,,0,1
47125,17300,1,0
47127,,0,1
47129,28940,1,0
47131,,0,1
47133,,0,1
47135,,0,1
47137,,0,1
47139,17420,1,0
47141,,0,1
47143,,0,1
47145,28940,1,0
47147,34980,1,0
47149,34980,1,0
47151,,0,1
47153,16860,1,0
47155,,0,1
47157,32820,1,0
47159,34980,1,0
47161,,0,1
47163,28700,1,0
47165,34980,1,0
47167,32820,1,0
47169,34980,1,0
47171,27740,1,0
47173,28940,1,0
47175,,0,1
47177,,0,1
47179,27740,1,0
47181,,0,1
47183,,0,1
47185,,0,1
47187,34980,1,0
47189,34980,1,0
47990,,0,1
48001,,0,1
48003,,0,1
48005,,0,1
48007,18580,1,0
48009,48660,1,0
48011,11100,1,0
48013,41700,1,0
48015,26420,1,0
48017,,0,1
48019,41700,1,0
48021,12420,1,0
48023,,0,1
48025,,0,1
48027,28660,1,0
48029,41700,1,0
48031,,0,1
48033,,0,1
48035,,0,1
48037,45500,1,0
48039,26420,1,0
48041,17780,1,0
48043,,0,1
48045,,0,1
48047,,0,1
48049,,0,1
48051,17780,1,0
48053,,0,1
48055,12420,1,0
48057,,0,1
48059,10180,1,0
48061,15180,1,0
48063,,0,1
48065,11100,1,0
48067,,0,1
48069,,0,1
48071,26420,1,0
48073,,0,1
48075,,0,1
48077,48660,1,0
48079,,0,1
48081,,0,1
48083,,0,1
48085,19124,1,0
48087,,0,1
48089,,0,1
48091,41700,1,0
48093,,0,1
48095,,0,1
48097,,0,1
48099,28660,1,0
48101,,0,1
48103,,0,1
48105,,0,1
48107,31180,1,0
48109,,0,1
48111,,0,1
48113,19124,1,0
48115,,0,1
48117,,0,1
48119,,0,1
48121,19124,1,0
48123,,0,1
48125,,0,1
48127,,0,1
48129,,0,1
48131,,0,1
48133,,0,1
48135,36220,1,0
48137,,0,1
48139,19124,1,0
48141,21340,1,0
48143,,0,1
48145,47380,1,0
48147,,0,1
48149,,0,1
48151,,0,1
48153,,0,1
48155,,0,1
48157,26420,1,0
48159,,0,1
48161,,0,1
48163,,0,1
48165,,0,1
48167,26420,1,0
48169,,0,1
48171,,0,1
48173,,0,1
48175,47020,1,0
48177,,0,1
48179,,0,1
48181,43300,1,0
48183,30980,1,0
48185,,0,1
48187,41700,1,0
48189,,0,1
48191,,0,1
48193,,0,1
48195,,0,1
48197,,0,1
48199,13140,1,0
48201,26420,1,0
48203,,0,1
48205,,0,1
48207,,0,1
48209,12420,1,0
48211,,0,1
48213,,0,1
48215,32580,1,0
48217,,0,1
48219,,0,1
48221,23104,1,0
48223,,0,1
48225,,0,1
48227,,0,1
48229,21340,1,0
48231,19124,1,0
48233,,0,1
48235,41660,1,0
48237,,0,1
48239,,0,1
48241,,0,1
48243,,0,1
48245,13140,1,0
48247,,0,1
48249,,0,1
48251,23104,1,0
48253,10180,1,0
48255,,0,1
48257,19124,1,0
48259,41700,1,0
48261,,0,1
48263,,0,1
48265,,0,1
48267,,0,1
48269,,0,1
48271,,0,1
48273,,0,1
48275,,0,1
48277,,0,1
48279,,0,1
48281,28660,1,0
48283,,0,1
48285,,0,1
48287,,0,1
48289,,0,1
48291,26420,1,0
48293,,0,1
48295,,0,1
48297,,0,1
48299,,0,1
48301,,0,1
48303,31180,1,0
48305,31180,1,0
48307,,0,1
48309,47380,1,0
48311,,0,1
48313,,0,1
48315,,0,1
48317,33260,1,0
48319,,0,1
48321,,0,1
48323,,0,1
48325,41700,1,0
48327,,0,1
48329,33260,1,0
48331,,0,1
48333,,0,1
48335,,0,1
48337,,0,1
48339,26420,1,0
48341,,0,1
48343,,0,1
48345,,0,1
48347,,0,1
48349,,0,1
48351,13140,1,0
48353,,0,1
48355,18580,1,0
48357,,0,1
48359,11100,1,0
48361,13140,1,0
48363,,0,1
48365,,0,1
48367,23104,1,0
48369,,0,1
48371,,0,1
48373,,0,1
48375,11100,1,0
48377,,0,1
48379,,0,1
48381,11100,1,0
48383,,0,1
48385,,0,1
48387,,0,1
48389,,0,1
48391,,0,1
48393,,0,1
48395,17780,1,0
48397,19124,1,0
48399,,0,1
48401,30980,1,0
48403,,0,1
48405,,0,1
48407,,0,1
48409,18580,1,0
48411,,0,1
48413,,0,1
48415,,0,1
48417,,0,1
48419,,0,1
48421,,0,1
48423,46340,1,0
48425,23104,1,0
48427,,0,1
48429,,0,1
48431,,0,1
48433,,0,1
48435,,0,1
48437,,0,1
48439,23104,1,0
48441,10180,1,0
48443,,0,1
48445,,0,1
48447,,0,1
48449,,0,1
48451,41660,1,0
48453,12420,1,0
48455,,0,1
48457,,0,1
48459,30980,1,0
48461,,0,1
48463,,0,1
48465,,0,1
48467,,0,1
48469,47020,1,0
48471,,0,1
48473,26420,1,0
48475,,0,1
48477,,0,1
48479,29700,1,0
48481,,0,1
48483,,0,1
48485,48660,1,0
48487,,0,1
48489,,0,1
48491,12420,1,0
48493,41700,1,0
48495,,0,1
48497,23104,1,0
48499,,0,1
48501,,0,1
48503,,0,1
48505,,0,1
48507,,0,1
48990,,0,1
49001,,0,1
49003,36260,1,0
49005,30860,1,0
49007,,0,1
49009,,0,1
49011,36260,1,0
49013,,0,1
49015,,0,1
49017,,0,1
49019,,0,1
49021,,0,1
49023,39340,1,0
49025,,0,1
49027,,0,1
49029,36260,1,0
49031,,0,1
49033,,0,1
49035,41620,1,0
49037,,0,1
49039,,0,1
49041,,0,1
49043,,0,1
49045,41620,1,0
49047,,0,1
49049,39340,1,0
49051,,0,1
49053,41100,1,0
49055,,0,1
49057,36260,1,0
49990,,0,1
50001,,0,1
50003,,0,1
50005,,0,1
50007,15540,1,0
50009,,0,1
50011,15540,1,0
50013,15540,1,0
50015,,0,1
50017,,0,1
50019,,0,1
50021,,0,1
50023,,0,1
50025,,0,1
50027,,0,1
50990,,0,1
51001,,0,1
51003,16820,1,0
51510,47894,1,0
51005,,0,1
51007,40060,1,0
51009,31340,1,0
51011,31340,1,0
51013,47894,1,0
51015,44420,1,0
51017,,0,1
51019,31340,1,0
51021,,0,1
51023,40220,1,0
51520,28700,1,0
51025,,0,1
51027,,0,1
51029,16820,1,0
51530,,0,1
51031,31340,1,0
51033,40060,1,0
51035,,0,1
51036,40060,1,0
51037,,0,1
51540,16820,1,0
51550,47260,1,0
51041,40060,1,0
51043,47894,1,0
51570,40060,1,0
51580,,0,1
51045,40220,1,0
51047,47894,1,0
51049,,0,1
51590,,0,1
51051,,0,1
51053,40060,1,0
51595,,0,1
51057,,0,1
51600,47894,1,0
51059,47894,1,0
51610,47894,1,0
51061,47894,1,0
51063,13980,1,0
51065,16820,1,0
51620,,0,1
51067,40220,1,0
51069,49020,1,0
51630,47894,1,0
51640,,0,1
51071,13980,1,0
51073,47260,1,0
51075,40060,1,0
51077,,0,1
51079,16820,1,0
51081,,0,1
51083,,0,1
51650,47260,1,0
51085,40060,1,0
51660,25500,1,0
51087,40060,1,0
51089,,0,1
51091,,0,1
51670,40060,1,0
51093,47260,1,0
51095,47260,1,0
51097,,0,1
51099,,0,1
51101,40060,1,0
51103,,0,1
51105,,0,1
51678,,0,1
51107,47894,1,0
51109,,0,1
51111,,0,1
51680,31340,1,0
51113,,0,1
51690,,0,1
51683,47894,1,0
51685,47894,1,0
51115,47260,1,0
51117,,0,1
51119,,0,1
51121,13980,1,0
51125,16820,1,0
51127,40060,1,0
51700,47260,1,0
51710,47260,1,0
51131,,0,1
51133,,0,1
51720,,0,1
51135,,0,1
51137,,0,1
51139,,0,1
51141,,0,1
51730,40060,1,0
51143,,0,1
51740,47260,1,0
51735,47260,1,0
51145,40060,1,0
51147,,0,1
51149,40060,1,0
51153,47894,1,0
51155,13980,1,0
51750,13980,1,0
51157,47894,1,0
51159,,0,1
51760,40060,1,0
51161,40220,1,0
51770,40220,1,0
51163,,0,1
51165,25500,1,0
51167,,0,1
51775,40220,1,0
51169,28700,1,0
51171,,0,1
51173,,0,1
51175,,0,1
51177,47894,1,0
51179,47894,1,0
51790,44420,1,0
51800,47260,1,0
51181,,0,1
51183,40060,1,0
51185,,0,1
51810,47260,1,0
51187,47894,1,0
51191,28700,1,0
51820,44420,1,0
51193,,0,1
51830,47260,1,0
51840,49020,1,0
51195,,0,1
51197,,0,1
51199,47260,1,0
51990,,0,1
53001,,0,1
53003,30300,1,0
53005,28420,1,0
53007,48300,1,0
53009,,0,1
53011,38900,1,0
53013,47460,1,0
53015,31020,1,0
53017,48300,1,0
53019,,0,1
53021,28420,1,0
53023,,0,1
53025,,0,1
53027,,0,1
53029,,0,1
53031,,0,1
53033,42644,1,0
53035,14740,1,0
53037,,0,1
53039,,0,1
53041,,0,1
53043,,0,1
53045,,0,1
53047,,0,1
53049,,0,1
53051,44060,1,0
53053,45104,1,0
53055,,0,1
53057,34580,1,0
53059,38900,1,0
53061,42644,1,0
53063,44060,1,0
53065,44060,1,0
53067,36500,1,0
53069,,0,1
53071,47460,1,0
53073,13380,1,0
53075,,0,1
53077,49420,1,0
53990,,0,1
54001,,0,1
54003,25180,1,0
54005,16620,1,0
54007,,0,1
54009,48260,1,0
54011,26580,1,0
54013,,0,1
54015,16620,1,0
54017,,0,1
54019,13220,1,0
54021,,0,1
54023,,0,1
54025,,0,1
54027,49020,1,0
54029,48260,1,0
54031,,0,1
54033,,0,1
54035,,0,1
54037,47894,1,0
54039,16620,1,0
54041,,0,1
54043,26580,1,0
54045,,0,1
54047,,0,1
54049,,0,1
54051,48540,1,0
54053,,0,1
54055,,0,1
54057,19060,1,0
54059,,0,1
54061,34060,1,0
54063,,0,1
54065,,0,1
54067,,0,1
54069,48540,1,0
54071,,0,1
54073,,0,1
54075,,0,1
54077,34060,1,0
54079,26580,1,0
54081,13220,1,0
54083,,0,1
54085,,0,1
54087,,0,1
54089,,0,1
54091,,0,1
54093,,0,1
54095,,0,1
54097,,0,1
54099,26580,1,0
54101,,0,1
54103,,0,1
54105,37620,1,0
54107,37620,1,0
54109,,0,1
54990,,0,1
55001,,0,1
55003,,0,1
55005,,0,1
55007,,0,1
55009,24580,1,0
55011,,0,1
55013,,0,1
55015,11540,1,0
55017,20740,1,0
55019,,0,1
55021,31540,1,0
55023,,0,1
55025,31540,1,0
55027,,0,1
55029,,0,1
55031,20260,1,0
55033,,0,1
55035,20740,1,0
55037,,0,1
55039,22540,1,0
55041,,0,1
55043,,0,1
55045,31540,1,0
55047,,0,1
55049,31540,1,0
55051,,0,1
55053,,0,1
55055,,0,1
55057,,0,1
55059,29404,1,0
55061,24580,1,0
55063,29100,1,0
55065,,0,1
55067,,0,1
55069,,0,1
55071,,0,1
55073,48140,1,0
55075,,0,1
55077,,0,1
55078,,0,1
55079,33340,1,0
55081,,0,1
55083,24580,1,0
55085,,0,1
55087,11540,1,0
55089,33340,1,0
55091,,0,1
55093,33460,1,0
55095,,0,1
55097,,0,1
55099,,0,1
55101,39540,1,0
55103,,0,1
55105,27500,1,0
55107,,0,1
55109,33460,1,0
55111,,0,1
55113,,0,1
55115,,0,1
55117,43100,1,0
55119,,0,1
55121,,0,1
55123,,0,1
55125,,0,1
55127,,0,1
55129,,0,1
55131,33340,1,0
55133,33340,1,0
55135,,0,1
55137,,0,1
55139,36780,1,0
55141,,0,1
55990,,0,1
56001,,0,1
56003,,0,1
56005,,0,1
56007,,0,1
56009,,0,1
56011,,0,1
56013,,0,1
56015,,0,1
56017,,0,1
56019,,0,1
56021,16940,1,0
56023,,0,1
56025,16220,1,0
56027,,0,1
56029,,0,1
56031,,0,1
56033,,0,1
56035,,0,1
56037,,0,1
56039,,0,1
56041,,0,1
56043,,0,1
56045,,0,1
56990,,0,1
